first_name,last_name,email,country,ip_address,Gender,Group 
Billy,Torres,wtorres0@businessinsider.com,Croatia,74.183.92.223,Male,1
Bill,Torres/,wtorres0@businessinsider.com,Croatia,74.183.92.223,Male,1
Bill,,wtorres0@businessinsider.com,Croatia,,Male,1
William,Torres,,Croatia,,Male,1
William,Torres,wtorres0@businessinsider.com,,74.183.92.223,Male,1
Doug,Romero,dromero8@ebay.co.uk,Croatia,22.186.40.127,Male,2
Douglas,Rem e,dromero8@ebay.co.uk,Croatia,,Male,2
Douglas,Romo,dromero8@gmail.com,Croatia,22.186.40.127,Male,2
Douglas,Romero,dromero8@gmail.com,Croatia,22.186.40.127,Male,2
Douglas,Romero,dromero8@ebay.co.uk,Croatia,,Male,2
Bobby,Boyd,rboydi@europa.eu,Brazil,31.25.101.164,Male,3
Bobby,Boyd,rboydi@europa.eu,Brazil,31.25.101.164,Male,3
Bob,Boyd,rboydi@europa.eu,Brazil,,M,3
Rob,Boyd,rboydi@europa.eu,Brazil,31.25.101.164,Male,3
Robert,Boyd,rboydi@gmail.com,Brazil,31.25.101.164,Male,3
Robert,B,abc@europa.eu,BZ,,M,3
Robert,Boyd,rboydi@europa.eu,Mexico,,Male,3
Robert,Boyd,rboydi@europa.eu,Brazil,31.25.101.164,Male,3
Joyce,Hughes,jhughes2@jiathis.com,Philippines,147.88.98.150,Female,4
Stephen,Moreno,smoreno3@prnewswire.com,Iran,41.151.239.177,Male,4
William,Ferguson,wferguson4@psu.edu,Mexico,126.124.115.82,Male,4
Fred,Reyes,freyes5@mail.ru,Canada,156.103.68.156,Male,4
Billy,Davis,bdavis6@gov.uk,Bolivia,73.121.107.165,Male,4
Judy,Ryan,jryan7@bravesites.com,China,196.110.73.132,Female,4
Carol,Nguyen,cnguyen9@sakura.ne.jp,Costa Rica,229.159.91.170,Female,4
Willie,Collins,wcollinsa@e-recht24.de,Greece,105.247.35.171,Male,4
Lisa,Schmidt,lschmidtb@cpanel.net,Russia,22.137.127.252,Female,4
Martha,Berry,mberryc@who.int,Peru,215.113.148.147,Female,4
Jason,Murphy,jmurphyd@utexas.edu,Belarus,25.56.155.4,Male,4
Steve,Oliver,solivere@sakura.ne.jp,Portugal,206.83.187.132,Male,4
Nancy,Murphy,nmurphyf@howstuffworks.com,China,54.36.246.239,Female,4
Amanda,Moreno,amorenog@blinklist.com,France,100.144.166.213,Female,4
James,Evans,jevansh@friendfeed.com,Colombia,247.129.100.125,Male,4
Gregory,Ross,grossj@elpais.com,Mexico,127.199.224.26,Male,4
Pamela,Bishop,pbishopk@clickbank.net,China,70.153.239.253,Female,4
Theresa,Lewis,tlewisl@macromedia.com,Philippines,235.21.189.8,Female,4
Antonio,Cruz,acruzm@merriam-webster.com,Indonesia,142.128.35.87,Male,4
Carolyn,Fernandez,cfernandezn@bing.com,Portugal,10.0.101.80,Female,4
Henry,Romero,hromeroo@booking.com,China,143.53.47.167,Male,4
Frances,Pierce,fpiercep@amazon.co.uk,Japan,71.170.227.72,Female,4
Jeremy,Gordon,jgordonq@geocities.jp,Albania,77.122.177.198,Male,4
Kathryn,Day,kdayr@kickstarter.com,France,105.47.92.216,Female,4
Theresa,Jordan,tjordans@hao123.com,China,46.26.94.210,Female,4
Cheryl,Palmer,cpalmert@smh.com.au,Vietnam,9.135.37.118,Female,4
Edward,Ramos,eramosu@vistaprint.com,Philippines,96.89.228.204,Male,4
Emily,Howard,ehowardv@free.fr,China,201.234.146.42,Female,4
Frances,Ellis,fellisw@booking.com,Philippines,50.158.90.162,Female,4
Bobby,Gilbert,bgilbertx@buzzfeed.com,France,172.186.165.194,Male,4
Ann,Flores,afloresy@friendfeed.com,Bangladesh,164.145.17.147,Female,4
Laura,Burke,lburkez@google.pl,China,207.115.254.224,Female,4
Billy,Perry,bperry10@4shared.com,United States,22.116.216.147,Male,4
Samuel,Wagner,swagner11@icio.us,China,230.18.100.145,Male,4
Gregory,Franklin,gfranklin12@disqus.com,China,219.12.175.159,Male,4
Tammy,Moore,tmoore13@blogs.com,Indonesia,252.218.171.249,Female,4
Billy,Montgomery,bmontgomery14@cafepress.com,Indonesia,91.73.35.93,Male,4
Paul,Parker,pparker15@gov.uk,Mexico,154.120.231.171,Male,4
Walter,Vasquez,wvasquez16@w3.org,United States,19.124.17.180,Male,4
Tammy,Lopez,tlopez17@xing.com,France,158.27.60.181,Female,4
Marie,Hamilton,mhamilton18@uiuc.edu,China,89.153.109.236,Female,4
Shawn,Collins,scollins19@freewebs.com,Portugal,16.135.190.164,Male,4
Diana,Hill,dhill1a@mayoclinic.com,China,65.241.24.102,Female,4
John,Phillips,jphillips1b@narod.ru,Poland,130.102.41.206,Male,4
Justin,Clark,jclark1c@mediafire.com,French Polynesia,193.217.100.75,Male,4
Gloria,Willis,gwillis1d@php.net,China,82.179.67.204,Female,4
